{"nodes":{"node:3":{"location":{"x":0,"y":0}}},"selection":null,"view":{"scroll":{"x":-440.226806640625,"y":-15.0773200988769531},"zoom":2.31958770751953125}}