{"nodes":{"node:1":{"location":{"x":0,"y":0}}},"selection":null,"view":{"scroll":{"x":-435.230804443359375,"y":-15.5769233703613281},"zoom":2.30769228935241699}}