{"nodes":{"node:1":{"location":{"x":-342,"y":-488}}},"selection":null,"view":{"scroll":{"x":-436.95819091796875,"y":-654.5301513671875},"zoom":1.25}}