{"nodes":{"node:1":{"location":{"x":-252,"y":220}},"node:10":{"location":{"x":71,"y":80}},"node:5":{"location":{"x":-300,"y":351}}},"selection":null,"view":{"scroll":{"x":-438.459259033203125,"y":-51.0104904174804688},"zoom":1.17596685886383057}}