{"nodes":{"node:1":{"location":{"x":10,"y":10}},"node:4":{"location":{"x":210,"y":60}}},"selection":null,"view":{"scroll":{"x":-41.7485885620117188,"y":-31.8306350708007812},"zoom":1.25}}